patient_name,age,gender,glucose_level,blood_pressure,cholesterol,bmi,symptom_severity,activity_level,has_diabetes_history,has_hypertension_history,notes
Aarav Sharma,52,Male,186,142,228,31.4,7,4,1,1,"Fatigue and blurred vision"
Sara Khan,37,Female,118,122,181,24.2,3,7,0,0,"Routine wellness check"
Neha Patel,61,Female,204,150,242,33.8,8,3,1,1,"Shortness of breath and headaches"
Vikram Singh,45,Male,192,138,210,30.1,6,5,1,0,"Occasional dizziness"
Priya Desai,28,Female,105,110,165,22.4,2,8,0,0,"No symptoms, routine check"
Ravi Kumar,58,Male,168,152,235,32.5,7,3,1,1,"Joint pain and fatigue"
Anjali Menon,33,Female,112,120,170,23.1,3,7,0,0,"Slight fatigue, otherwise healthy"
Sameer Joshi,42,Male,145,130,195,27.8,5,6,0,1,"Managing hypertension"
Lalita Gupta,65,Female,150,140,205,29.6,6,4,1,1,"Family history of diabetes"
